{
  "model": "mlx-community/Qwen2.5-0.5B-Instruct-4bit",
  "system": {
    "captured_at": "2026-07-22T20:41:58.185301+00:00",
    "model": "mlx-community/Qwen2.5-0.5B-Instruct-4bit",
    "platform": "macOS-26.2-arm64-arm-64bit",
    "machine": "arm64",
    "python": "3.11.15"
  },
  "concurrency": {
    "1": {
      "requests": 3,
      "ttft_seconds": {
        "p50": 0.019148666877299547,
        "p95": 0.019632304366678,
        "p99": 0.019675294365733863
      },
      "latency_seconds": {
        "p50": 0.5590901663526893,
        "p95": 0.6917018284555524,
        "p99": 0.7034895317535848
      }
    },
    "2": {
      "requests": 6,
      "ttft_seconds": {
        "p50": 0.034051583148539066,
        "p95": 0.03526566689833999,
        "p99": 0.03526566689833999
      },
      "latency_seconds": {
        "p50": 0.654978375416249,
        "p95": 0.8316705417819321,
        "p99": 0.8316705417819321
      }
    },
    "4": {
      "requests": 12,
      "ttft_seconds": {
        "p50": 0.04412283282727003,
        "p95": 0.04730779072269797,
        "p99": 0.04730779072269797
      },
      "latency_seconds": {
        "p50": 0.49431674974039197,
        "p95": 0.5364507497288287,
        "p99": 0.5364507497288287
      }
    },
    "8": {
      "requests": 24,
      "ttft_seconds": {
        "p50": 0.08066258300095797,
        "p95": 0.0817549997009337,
        "p99": 0.0817549997009337
      },
      "latency_seconds": {
        "p50": 0.7737467917613685,
        "p95": 0.8471613330766559,
        "p99": 0.8471613330766559
      }
    }
  },
  "requests": [
    {
      "request_id": "c1-r0-q0",
      "concurrency": 1,
      "run": 1,
      "ttft_seconds": 0.019686041865497828,
      "tpot_seconds": 0.034714863852908215,
      "latency_seconds": 0.540408999659121,
      "output_tokens": 16
    },
    {
      "request_id": "c1-r1-q0",
      "concurrency": 1,
      "run": 2,
      "ttft_seconds": 0.018270250409841537,
      "tpot_seconds": 0.03605466106285651,
      "latency_seconds": 0.5590901663526893,
      "output_tokens": 16
    },
    {
      "request_id": "c1-r2-q0",
      "concurrency": 1,
      "run": 3,
      "ttft_seconds": 0.019148666877299547,
      "tpot_seconds": 0.04581918604671955,
      "latency_seconds": 0.7064364575780928,
      "output_tokens": 16
    },
    {
      "request_id": "c2-r0-q0",
      "concurrency": 2,
      "run": 1,
      "ttft_seconds": 0.034051583148539066,
      "tpot_seconds": 0.0531745972422262,
      "latency_seconds": 0.8316705417819321,
      "output_tokens": 16
    },
    {
      "request_id": "c2-r0-q1",
      "concurrency": 2,
      "run": 1,
      "ttft_seconds": 0.034051583148539066,
      "tpot_seconds": 0.0531745972422262,
      "latency_seconds": 0.8316705417819321,
      "output_tokens": 16
    },
    {
      "request_id": "c2-r1-q0",
      "concurrency": 2,
      "run": 2,
      "ttft_seconds": 0.03299520816653967,
      "tpot_seconds": 0.04146554448331396,
      "latency_seconds": 0.654978375416249,
      "output_tokens": 16
    },
    {
      "request_id": "c2-r1-q1",
      "concurrency": 2,
      "run": 2,
      "ttft_seconds": 0.03299520816653967,
      "tpot_seconds": 0.04146554448331396,
      "latency_seconds": 0.654978375416249,
      "output_tokens": 16
    },
    {
      "request_id": "c2-r2-q0",
      "concurrency": 2,
      "run": 3,
      "ttft_seconds": 0.03526566689833999,
      "tpot_seconds": 0.03289927501852314,
      "latency_seconds": 0.528754792176187,
      "output_tokens": 16
    },
    {
      "request_id": "c2-r2-q1",
      "concurrency": 2,
      "run": 3,
      "ttft_seconds": 0.03526566689833999,
      "tpot_seconds": 0.03289927501852314,
      "latency_seconds": 0.528754792176187,
      "output_tokens": 16
    },
    {
      "request_id": "c4-r0-q0",
      "concurrency": 4,
      "run": 1,
      "ttft_seconds": 0.0439149159938097,
      "tpot_seconds": 0.030008230606714884,
      "latency_seconds": 0.49403837509453297,
      "output_tokens": 16
    },
    {
      "request_id": "c4-r0-q1",
      "concurrency": 4,
      "run": 1,
      "ttft_seconds": 0.0439149159938097,
      "tpot_seconds": 0.030008230606714884,
      "latency_seconds": 0.49403837509453297,
      "output_tokens": 16
    },
    {
      "request_id": "c4-r0-q2",
      "concurrency": 4,
      "run": 1,
      "ttft_seconds": 0.0439149159938097,
      "tpot_seconds": 0.030008230606714884,
      "latency_seconds": 0.49403837509453297,
      "output_tokens": 16
    },
    {
      "request_id": "c4-r0-q3",
      "concurrency": 4,
      "run": 1,
      "ttft_seconds": 0.0439149159938097,
      "tpot_seconds": 0.030008230606714884,
      "latency_seconds": 0.49403837509453297,
      "output_tokens": 16
    },
    {
      "request_id": "c4-r1-q0",
      "concurrency": 4,
      "run": 2,
      "ttft_seconds": 0.04730779072269797,
      "tpot_seconds": 0.029800597267846268,
      "latency_seconds": 0.49431674974039197,
      "output_tokens": 16
    },
    {
      "request_id": "c4-r1-q1",
      "concurrency": 4,
      "run": 2,
      "ttft_seconds": 0.04730779072269797,
      "tpot_seconds": 0.029800597267846268,
      "latency_seconds": 0.49431674974039197,
      "output_tokens": 16
    },
    {
      "request_id": "c4-r1-q2",
      "concurrency": 4,
      "run": 2,
      "ttft_seconds": 0.04730779072269797,
      "tpot_seconds": 0.029800597267846268,
      "latency_seconds": 0.49431674974039197,
      "output_tokens": 16
    },
    {
      "request_id": "c4-r1-q3",
      "concurrency": 4,
      "run": 2,
      "ttft_seconds": 0.04730779072269797,
      "tpot_seconds": 0.029800597267846268,
      "latency_seconds": 0.49431674974039197,
      "output_tokens": 16
    },
    {
      "request_id": "c4-r2-q0",
      "concurrency": 4,
      "run": 3,
      "ttft_seconds": 0.04412283282727003,
      "tpot_seconds": 0.032821861126770574,
      "latency_seconds": 0.5364507497288287,
      "output_tokens": 16
    },
    {
      "request_id": "c4-r2-q1",
      "concurrency": 4,
      "run": 3,
      "ttft_seconds": 0.04412283282727003,
      "tpot_seconds": 0.032821861126770574,
      "latency_seconds": 0.5364507497288287,
      "output_tokens": 16
    },
    {
      "request_id": "c4-r2-q2",
      "concurrency": 4,
      "run": 3,
      "ttft_seconds": 0.04412283282727003,
      "tpot_seconds": 0.032821861126770574,
      "latency_seconds": 0.5364507497288287,
      "output_tokens": 16
    },
    {
      "request_id": "c4-r2-q3",
      "concurrency": 4,
      "run": 3,
      "ttft_seconds": 0.04412283282727003,
      "tpot_seconds": 0.032821861126770574,
      "latency_seconds": 0.5364507497288287,
      "output_tokens": 16
    },
    {
      "request_id": "c8-r0-q0",
      "concurrency": 8,
      "run": 1,
      "ttft_seconds": 0.08066258300095797,
      "tpot_seconds": 0.04476299444213509,
      "latency_seconds": 0.7521074996329844,
      "output_tokens": 16
    },
    {
      "request_id": "c8-r0-q1",
      "concurrency": 8,
      "run": 1,
      "ttft_seconds": 0.08066258300095797,
      "tpot_seconds": 0.04476299444213509,
      "latency_seconds": 0.7521074996329844,
      "output_tokens": 16
    },
    {
      "request_id": "c8-r0-q2",
      "concurrency": 8,
      "run": 1,
      "ttft_seconds": 0.08066258300095797,
      "tpot_seconds": 0.04476299444213509,
      "latency_seconds": 0.7521074996329844,
      "output_tokens": 16
    },
    {
      "request_id": "c8-r0-q3",
      "concurrency": 8,
      "run": 1,
      "ttft_seconds": 0.08066258300095797,
      "tpot_seconds": 0.04476299444213509,
      "latency_seconds": 0.7521074996329844,
      "output_tokens": 16
    },
    {
      "request_id": "c8-r0-q4",
      "concurrency": 8,
      "run": 1,
      "ttft_seconds": 0.08066258300095797,
      "tpot_seconds": 0.04476299444213509,
      "latency_seconds": 0.7521074996329844,
      "output_tokens": 16
    },
    {
      "request_id": "c8-r0-q5",
      "concurrency": 8,
      "run": 1,